letter	frequency
1	0.105252
2	0.154948
3	0.094734
4	0.099844
5	0.111991
6	0.074446
7	0.078764
8	0.052967
9	0.037834
10	0.035191
11	0.047137
12	0.025511
13	0.017242
14	0.015915
15	0.048225
16	0.000000
17	0.010613
18	0.041362
19	0.172564
20	0.139615
21	0.106055
22	0.099402
23	0.093161
24	0.081521
25	0.094490
26	0.066374
27	0.027249
28	0.018870
29	0.015915
30	0.032810
31	0.000000
32	0.000017
33	0.005783
34	0.019244
35	0.151660
36	0.181577
37	0.160582
38	0.143051
39	0.065449
40	0.042717
41	0.058840
42	0.101511
43	0.032932
44	0.014553
45	0.000000
