letter	frequency
1	0.087804
2	0.082736
3	0.113050
4	0.121871
5	0.164883
6	0.122008
7	0.046800
8	0.023321
9	0.012385
10	0.021596
11	0.045205
12	0.052087
13	0.039092
14	0.049815
15	0.017347
16	0.053347
17	0.057329
18	0.097662
19	0.116670
20	0.107471
21	0.124811
22	0.124056
23	0.047296
24	0.027676
25	0.013885
26	0.011150
27	0.028733
28	0.061462
29	0.063115
30	0.065336
31	0.046508
32	0.053704
33	0.082797
34	0.112198
35	0.100725
36	0.067796
37	0.061156
38	0.096504
39	0.071453
40	0.030421
41	0.022415
42	0.015140
43	0.010628
44	0.014365
45	0.000000
